{
  "IcoMoonType": "selection",
  "icons": [
    {
      "icon": {
        "paths": [
          "M181.355 149.32l746.867 746.867 746.867-746.867"
        ],
        "attrs": [
          {
            "fill": "none",
            "stroke": "rgb(255, 255, 255)",
            "strokeLinejoin": "round",
            "strokeLinecap": "round",
            "strokeMiterlimit": "4",
            "strokeWidth": 256
          }
        ],
        "width": 1856,
        "isMulticolor": false,
        "isMulticolor2": false,
        "grid": 0,
        "tags": [
          "arrow-down (1)"
        ]
      },
      "attrs": [
        {
          "fill": "none",
          "stroke": "rgb(255, 255, 255)",
          "strokeLinejoin": "round",
          "strokeLinecap": "round",
          "strokeMiterlimit": "4",
          "strokeWidth": 256
        }
      ],
      "properties": {
        "order": 52,
        "id": 3,
        "name": "arrow-down",
        "prevSize": 32
      },
      "setIdx": 0,
      "setId": 3,
      "iconIdx": 0
    },
    {
      "icon": {
        "paths": [
          "M1565.278 882.293l-711.521-711.436-711.436 711.436"
        ],
        "attrs": [
          {
            "fill": "none",
            "stroke": "rgb(255, 255, 255)",
            "strokeLinejoin": "round",
            "strokeLinecap": "round",
            "strokeMiterlimit": "4",
            "strokeWidth": 256
          }
        ],
        "width": 1707,
        "isMulticolor": false,
        "isMulticolor2": false,
        "grid": 0,
        "tags": [
          "arrow-up (1)"
        ]
      },
      "attrs": [
        {
          "fill": "none",
          "stroke": "rgb(255, 255, 255)",
          "strokeLinejoin": "round",
          "strokeLinecap": "round",
          "strokeMiterlimit": "4",
          "strokeWidth": 256
        }
      ],
      "properties": {
        "order": 53,
        "id": 2,
        "name": "arrow-up",
        "prevSize": 32
      },
      "setIdx": 0,
      "setId": 3,
      "iconIdx": 1
    },
    {
      "icon": {
        "paths": [
          "M88.64 935.658h1162.168M88.64 502.307h1162.168M88.64 68.957h1162.168"
        ],
        "attrs": [
          {
            "fill": "none",
            "stroke": "rgb(255, 255, 255)",
            "strokeLinejoin": "round",
            "strokeLinecap": "round",
            "strokeMiterlimit": "4",
            "strokeWidth": 118.15384615384616
          }
        ],
        "width": 1339,
        "isMulticolor": false,
        "isMulticolor2": false,
        "grid": 0,
        "tags": [
          "burger (1)"
        ]
      },
      "attrs": [
        {
          "fill": "none",
          "stroke": "rgb(255, 255, 255)",
          "strokeLinejoin": "round",
          "strokeLinecap": "round",
          "strokeMiterlimit": "4",
          "strokeWidth": 118.15384615384616
        }
      ],
      "properties": {
        "order": 54,
        "id": 1,
        "name": "burger",
        "prevSize": 32
      },
      "setIdx": 0,
      "setId": 3,
      "iconIdx": 2
    },
    {
      "icon": {
        "paths": [
          "M995.238 54.722c-13.468-13.507-32.095-21.864-52.673-21.864s-39.205 8.357-52.672 21.862l-0.002 0.002-365.286 364.537-365.325-365.286c-13.475-13.475-32.091-21.81-52.654-21.81-41.125 0-74.463 33.338-74.463 74.463 0 20.563 8.335 39.178 21.81 52.654v0l365.286 365.325-365.286 365.286c-13.484 13.479-21.824 32.102-21.824 52.673 0 41.133 33.345 74.477 74.477 74.477 20.561 0 39.177-8.332 52.654-21.804l365.325-365.285 365.286 365.286c13.401 13.031 31.719 21.066 51.914 21.066 41.145 0 74.499-33.354 74.499-74.499 0-20.195-8.035-38.513-21.083-51.931l0.017 0.017-365.286-365.286 365.286-365.325c13.162-13.478 21.282-31.93 21.282-52.279s-8.12-38.801-21.296-52.294l0.014 0.015z"
        ],
        "attrs": [
          {
            "fill": "rgb(255, 255, 255)"
          }
        ],
        "isMulticolor": false,
        "isMulticolor2": false,
        "grid": 0,
        "tags": [
          "cross (1)"
        ]
      },
      "attrs": [
        {
          "fill": "rgb(255, 255, 255)"
        }
      ],
      "properties": {
        "order": 55,
        "id": 0,
        "name": "cross",
        "prevSize": 32
      },
      "setIdx": 0,
      "setId": 3,
      "iconIdx": 3
    }
  ],
  "height": 1024,
  "preferences": {
    "showGlyphs": true,
    "showCodes": true,
    "showQuickUse": true,
    "showQuickUse2": true,
    "showSVGs": true,
    "fontPref": {
      "prefix": "icon-",
      "metadata": {
        "fontFamily": "icomoon",
        "majorVersion": 1,
        "minorVersion": 0
      },
      "metrics": {
        "emSize": 1024,
        "baseline": 6.25,
        "whitespace": 50
      },
      "embed": false
    },
    "imagePref": {
      "prefix": "",
      "png": false,
      "useClassSelector": true,
      "color": 0,
      "bgColor": 16777215,
      "name": "ocean-splash",
      "classSelector": ".icon",
      "height": 32,
      "columns": 16,
      "margin": 16,
      "sprite": false
    },
    "historySize": 50,
    "gridSize": 16
  }
}