{
  "IcoMoonType": "selection",
  "icons": [
    {
      "icon": {
        "paths": [
          "M1042.205 439.871c-4.385 17.652-13.46 32.771-25.823 44.445l-0.044 0.041-170.683 166.54c-1.679 1.76-3.070 3.812-4.088 6.070l-0.055 0.137c-0.24 1.089-0.377 2.34-0.377 3.623s0.137 2.534 0.398 3.739l-0.021-0.116 40.343 235.853c3.367 17.379 1.552 35.378-5.167 51.717-6.465 16.494-17.375 30.072-31.259 39.644l-0.287 0.187c-13.25 9.872-29.522 16.41-47.211 18.079l-0.379 0.029h-6.719c-0.059 0-0.128 0-0.198 0-15.838 0-30.736-4.022-43.728-11.101l0.48 0.239-212.066-110.696c-2.077-1.218-4.574-1.937-7.239-1.937s-5.162 0.719-7.307 1.974l0.069-0.037-212.066 111.208c-13.080 6.985-28.61 11.087-45.097 11.087-2.329 0-4.64-0.082-6.928-0.243l0.308 0.017c-18.25-1.601-34.713-8.153-48.355-18.288l0.254 0.18c-14.029-10.102-24.892-23.79-31.344-39.736l-0.217-0.607c-4.233-10.321-6.69-22.299-6.69-34.852 0-5.962 0.554-11.794 1.614-17.448l-0.091 0.583 40.343-235.341c0.357-1.080 0.562-2.324 0.562-3.615s-0.206-2.535-0.586-3.7l0.024 0.084c-0.857-2.393-2.084-4.455-3.635-6.229l0.019 0.022-170.683-167.58c-12.068-11.677-20.938-26.588-25.216-43.337l-0.138-0.637c-2.394-7.74-3.773-16.638-3.773-25.858s1.379-18.118 3.941-26.5l-0.169 0.641c11.72-33.513 41.047-57.997 76.607-62.53l0.464-0.048 232.749-34.137c2.416-0.065 4.593-1.040 6.21-2.594l-0.003 0.003c1.971-1.505 3.569-3.46 4.655-5.695l108.616-216.193c7.401-15.517 19.085-28.597 33.625-37.752 14.007-8.969 31.095-14.297 49.427-14.297 36.582 0 68.208 21.215 83.247 52.013l0.241 0.548 107.592 215.169c1.303 2.39 3.057 4.5 5.167 6.207 1.807 1.547 4.151 2.515 6.718 2.591l0.016 0 236.365 34.137c17.981 2.774 33.838 10.325 46.678 21.303l-0.128-0.107c12.736 11.044 22.52 25.162 28.23 41.211l0.212 0.683c3.112 9.032 4.908 19.439 4.908 30.266 0 7.422-0.844 14.647-2.442 21.583l0.125-0.645z"
        ],
        "attrs": [
          {
            "fill": "rgb(33, 5, 109)"
          }
        ],
        "width": 1055,
        "isMulticolor": false,
        "isMulticolor2": false,
        "grid": 0,
        "tags": [
          "star (1)"
        ],
        "colorPermutations": {
          "25525525513351091": [
            {
              "f": 0
            }
          ]
        }
      },
      "attrs": [
        {
          "fill": "rgb(33, 5, 109)"
        }
      ],
      "properties": {
        "order": 56,
        "id": 4,
        "name": "star",
        "prevSize": 32
      },
      "setIdx": 0,
      "setId": 3,
      "iconIdx": 0
    },
    {
      "icon": {
        "paths": [
          "M181.355 149.32l746.867 746.867 746.867-746.867"
        ],
        "attrs": [
          {
            "fill": "none",
            "stroke": "rgb(255, 255, 255)",
            "strokeLinejoin": "round",
            "strokeLinecap": "round",
            "strokeMiterlimit": "4",
            "strokeWidth": 256
          }
        ],
        "width": 1856,
        "isMulticolor": false,
        "isMulticolor2": false,
        "grid": 0,
        "tags": [
          "arrow-down (1)"
        ],
        "colorPermutations": {
          "25025025012552552551": [
            {
              "s": 1
            }
          ],
          "25525525513351091": [
            {
              "s": 1
            }
          ]
        }
      },
      "attrs": [
        {
          "fill": "none",
          "stroke": "rgb(255, 255, 255)",
          "strokeLinejoin": "round",
          "strokeLinecap": "round",
          "strokeMiterlimit": "4",
          "strokeWidth": 256
        }
      ],
      "properties": {
        "order": 52,
        "id": 3,
        "name": "arrow-down",
        "prevSize": 32
      },
      "setIdx": 0,
      "setId": 3,
      "iconIdx": 1
    },
    {
      "icon": {
        "paths": [
          "M1565.278 882.293l-711.521-711.436-711.436 711.436"
        ],
        "attrs": [
          {
            "fill": "none",
            "stroke": "rgb(255, 255, 255)",
            "strokeLinejoin": "round",
            "strokeLinecap": "round",
            "strokeMiterlimit": "4",
            "strokeWidth": 256
          }
        ],
        "width": 1707,
        "isMulticolor": false,
        "isMulticolor2": false,
        "grid": 0,
        "tags": [
          "arrow-up (1)"
        ],
        "colorPermutations": {
          "25025025012552552551": [
            {
              "s": 1
            }
          ],
          "25525525513351091": [
            {
              "s": 1
            }
          ]
        }
      },
      "attrs": [
        {
          "fill": "none",
          "stroke": "rgb(255, 255, 255)",
          "strokeLinejoin": "round",
          "strokeLinecap": "round",
          "strokeMiterlimit": "4",
          "strokeWidth": 256
        }
      ],
      "properties": {
        "order": 53,
        "id": 2,
        "name": "arrow-up",
        "prevSize": 32
      },
      "setIdx": 0,
      "setId": 3,
      "iconIdx": 2
    },
    {
      "icon": {
        "paths": [
          "M88.64 935.658h1162.168M88.64 502.307h1162.168M88.64 68.957h1162.168"
        ],
        "attrs": [
          {
            "fill": "none",
            "stroke": "rgb(255, 255, 255)",
            "strokeLinejoin": "round",
            "strokeLinecap": "round",
            "strokeMiterlimit": "4",
            "strokeWidth": 118.15384615384616
          }
        ],
        "width": 1339,
        "isMulticolor": false,
        "isMulticolor2": false,
        "grid": 0,
        "tags": [
          "burger (1)"
        ],
        "colorPermutations": {
          "25025025012552552551": [
            {
              "s": 1
            }
          ],
          "25525525513351091": [
            {
              "s": 1
            }
          ]
        }
      },
      "attrs": [
        {
          "fill": "none",
          "stroke": "rgb(255, 255, 255)",
          "strokeLinejoin": "round",
          "strokeLinecap": "round",
          "strokeMiterlimit": "4",
          "strokeWidth": 118.15384615384616
        }
      ],
      "properties": {
        "order": 54,
        "id": 1,
        "name": "burger",
        "prevSize": 32
      },
      "setIdx": 0,
      "setId": 3,
      "iconIdx": 3
    },
    {
      "icon": {
        "paths": [
          "M995.238 54.722c-13.468-13.507-32.095-21.864-52.673-21.864s-39.205 8.357-52.672 21.862l-0.002 0.002-365.286 364.537-365.325-365.286c-13.475-13.475-32.091-21.81-52.654-21.81-41.125 0-74.463 33.338-74.463 74.463 0 20.563 8.335 39.178 21.81 52.654v0l365.286 365.325-365.286 365.286c-13.484 13.479-21.824 32.102-21.824 52.673 0 41.133 33.345 74.477 74.477 74.477 20.561 0 39.177-8.332 52.654-21.804l365.325-365.285 365.286 365.286c13.401 13.031 31.719 21.066 51.914 21.066 41.145 0 74.499-33.354 74.499-74.499 0-20.195-8.035-38.513-21.083-51.931l0.017 0.017-365.286-365.286 365.286-365.325c13.162-13.478 21.282-31.93 21.282-52.279s-8.12-38.801-21.296-52.294l0.014 0.015z"
        ],
        "attrs": [
          {
            "fill": "rgb(255, 255, 255)"
          }
        ],
        "isMulticolor": false,
        "isMulticolor2": false,
        "grid": 0,
        "tags": [
          "cross (1)"
        ],
        "colorPermutations": {
          "25025025012552552551": [
            {
              "f": 1
            }
          ],
          "25525525513351091": [
            {
              "f": 1
            }
          ]
        }
      },
      "attrs": [
        {
          "fill": "rgb(255, 255, 255)"
        }
      ],
      "properties": {
        "order": 55,
        "id": 0,
        "name": "cross",
        "prevSize": 32
      },
      "setIdx": 0,
      "setId": 3,
      "iconIdx": 4
    }
  ],
  "height": 1024,
  "preferences": {
    "showGlyphs": true,
    "showCodes": true,
    "showQuickUse": true,
    "showQuickUse2": true,
    "showSVGs": true,
    "fontPref": {
      "prefix": "icon-",
      "metadata": {
        "fontFamily": "icomoon",
        "majorVersion": 1,
        "minorVersion": 0
      },
      "metrics": {
        "emSize": 1024,
        "baseline": 6.25,
        "whitespace": 50
      },
      "embed": false
    },
    "imagePref": {
      "prefix": "",
      "png": false,
      "useClassSelector": true,
      "color": 0,
      "bgColor": 16777215,
      "name": "ocean-splash",
      "classSelector": ".icon",
      "height": 32,
      "columns": 16,
      "margin": 16,
      "sprite": false
    },
    "historySize": 50,
    "gridSize": 16
  }
}